排名,话题词,热度值,标签,类别,采集时间
1,男童被机器人踢中腹部痛苦倒地,,无,,2026/6/3 14:06
2,公司烧不起token了,,无,,2026/6/3 14:06
3,稳住心态更要守住防线,,无,,2026/6/3 14:06
4,耳机是一个很私密的物件,,无,,2026/6/3 14:06
5,丁程鑫不敢想结婚,,综艺,,2026/6/3 14:06
6,穿洞洞鞋得了角化型脚气,,无,,2026/6/3 14:06
7,食品保质期越长防腐剂越多是谣言,,无,,2026/6/3 14:06
8,莲花CEO称超过1.8吨就是菜车,,无,,2026/6/3 14:06
9,问界回应浙江台州M9事故,,无,,2026/6/3 14:06
10,李小冉疑似录制节目受伤,,综艺,,2026/6/3 14:06
11,樊振东已到杜塞尔多夫训练,,无,,2026/6/3 14:06
12,看起来不体面的工作能有多挣钱,,无,,2026/6/3 14:06
13,迪丽热巴让张馨予先上车并安全报备,,无,,2026/6/3 14:06
14,金饰克价已大降300元,,无,,2026/6/3 14:06
15,国乒四大队长任职时世界冠军统计,,无,,2026/6/3 14:06
16,陈学冬是唯一受邀的圈内挚友,,无,,2026/6/3 14:06
17,豆包不会做馒头,,无,,2026/6/3 14:06
18,白鹿丞磊这个肤色差,,剧集,,2026/6/3 14:06
19,女子捡12斤大鱼吃掉后请失主吃火锅,,无,,2026/6/3 14:06
20,张馨予拍迪丽热巴,,无,,2026/6/3 14:06
21,3岁孩子被过度保护只会说3个字,,无,,2026/6/3 14:06
22,伊利回应金领冠港版奶粉被召回,,无,,2026/6/3 14:06
23,AI脸 生理性厌恶,,无,,2026/6/3 14:06
24,奚梦瑶何猷君儿女腿长,,无,,2026/6/3 14:06
25,贺峻霖公示期已过,,无,,2026/6/3 14:06
26,何猷君晒妈妈在婚礼上的照片,,无,,2026/6/3 14:06
27,国内金价跌破980元每克,,无,,2026/6/3 14:06
28,丁程鑫你看看张凌赫在干嘛,,综艺,,2026/6/3 14:06
29,公积金提取范围新变化,,无,,2026/6/3 14:06
30,11岁男童深山走失13天靠野果存活,,无,,2026/6/3 14:06
31,梅西C罗首秀场次,,无,,2026/6/3 14:06
32,文彩元婚纱照,,无,,2026/6/3 14:06
33,翘楚配角 我不是AI,,剧集,,2026/6/3 14:06
34,减脂期想吃什么要立刻去吃,,无,,2026/6/3 14:06
35,歌手第四期淘汰三名歌手,,综艺,,2026/6/3 14:06
36,公园老人搂抱女孩系祖孙正常互动,,无,,2026/6/3 14:06
37,孙一宁曝医美骗局,,无,,2026/6/3 14:06
38,离职原因公司发展不达预期,,无,,2026/6/3 14:06
39,刘宇宁热成毛不易了,,综艺,,2026/6/3 14:06
40,田曦薇749万票断层领先,,无,,2026/6/3 14:06
41,陈闲国外留学暴瘦至84斤,,无,,2026/6/3 14:06
42,浪姐四公只有一个舞台的姐姐,,综艺,,2026/6/3 14:06
43,妻子待产丈夫同城交友被骗15万,,无,,2026/6/3 14:06
44,比亚迪汽车5月销量383453辆,,无,,2026/6/3 14:06
45,灵魂摆渡 替身文学,,剧集,,2026/6/3 14:06
46,陈学冬腿部受伤打了很多钉子,,无,,2026/6/3 14:06
47,骑士总冠军的含金量还在上升,,无,,2026/6/3 14:06
48,A股第4只两千元股诞生,,无,,2026/6/3 14:06
49,王莉霞被逮捕,,无,,2026/6/3 14:06
50,男子教唆抑郁症患者自杀获刑5年,,无,,2026/6/3 14:06
51,网友称吃饭遇王祖蓝进店被清场,,无,,2026/6/3 14:06
